Nom;Stock;Reel;Prix;Unit
4 Cousins Chardonnay Blanc;2;2;10;-
4 Cousins Rouge Merlot;3;5;10;-
4 Cousins Sauvignon Blanc;5;5;10;-
4 Cousins Sauvignon Rouge;3;3;10;-
4 Cousins Sweet White;2;3;10;-
Baron Blanc de Blancs;4;5;20;-
Baron d'arignac Rosé;0;0;20;-
Baron D'arignac rouge moelleux;1;0;15;-
Baron D'arignac Rouge Sec;0;0;15;-
Baron d'Arignac Medium Sweet;4;3;15;-
BARON ICE;2;0;20;-
Beluga Vodka Mesure;2;0;7;-
Bonobo KwiluRhum Mesures;12;10;7;-
Bouteille Capitain Morgan;1;1;50;-
Bouteille de AMARULA;0;0;50;-
Bouteille de BAILEYS;2;1;60;-
Bouteille de BLACK LABEL;0;0;80;-
Bouteille de Black Label 37.5cl;3;3;35;-
Bouteille de CHIVAS 12yrs;0;0;80;-
Bouteille de CHIVAS 15ans;0;0;100;-
Bouteille de CHIVAS 18ans;1;1;150;-
Bouteille de Courvoisier;0;0;110;-
Bouteille de DOUBLE BLACK 75cl;2;1;100;-
Bouteille de Gin Bombay 1L;0;0;70;-
Bouteille de GIN BOMBAY 75cl;0;0;50;-
Bouteille de GIN GORDON;0;0;50;-
Bouteille de HENNESSY VS;0;0;120;-
Bouteille de J&B;1;1;50;-
Bouteille de Jagermeifter;5;0;70;-
Bouteille de JACK DANIEL'S;0;0;60;-
Bouteille de JACK DANIEL'S HONEY;1;1;80;-
Bouteille de JAMSON;0;0;50;-
Bouteille de MALIBU;1;1;50;-
Bouteille de MARTINI BLANC;0;0;50;-
Bouteille de MARTINI ROUGE;0;0;50;-
Bouteille de RED LABEL;1;1;50;-
Bouteille de Red Label 37.5cl;13;3;25;-
Bouteille Disaronno;1;0;70;-
Bouteille Double Black 1L;3;0;120;-
Bouteille Glenfiddich 12ans;0;0;80;-
Bouteille Glenfiddich 15ans;26;0;100;-
Bouteille Glenfiddich 18 yrs;1;1;150;-
Bouteille Jack Daniel's 1L;0;0;100;-
Bouteille Jack Daniel's Rye;1;0;100;-
Bouteille Jack Daniels Gentleman 70 cl;1;1;120;-
Bouteille Jack Daniels Single barrel;0;0;90;-
Bouteille Johnny Walker Gold 75Cl;0;0;110;-
Bouteille Martell Blue Swift;0;1;100;-
Bouteille Martell VS;5;0;100;-
Bouteille Martell XO;0;0;250;-
Bouteille Sheridan's;2;0;80;-
Bouteille Signore Prosecco;1;0;20;-
Bouteille Sir Edward;0;6;25;-
Champagne Billecart-Salmon Réserve;2;2;50;-
Champagne Mercier Brut;0;0;80;-
Champagne Veuve Clicquot Rosé;0;0;150;-
Chivas 12Y Mesures;7;7;8;-
Chivas 15 ans mesures;4;4;10;-
Cognac Bisquit Mesure;0;0;15;-
Courvoisier Bouteille 1L;1;1;120;-
DON OSCART BLANC DE BLANC;0;0;60;-
DON OSCART BRUT;4;4;65;-
DON OSCART ROSEE;1;1;60;-
Glenfiddish 12Y 35cl;0;0;35;-
L.-E Cabernet Sauvignon;4;4;15;-
L.-E Merlot;7;6;15;-
L.-E Sauvignon Blanc;6;4;15;-
LAGAVULIN Mesures;5;5;20;-
Martini sans Alcool;2;2;15;-
Mateus;0;0;20;-
Mesure d'Amarula;7;4;5;-
Mesure de Absolut VODKA;33;2;5;-
Mesure de Bacardi Blanc;24;13;5;-
Mesure de Bacardi Brun;0;0;5;-
Mesure de Baileys;12;0;6;-
Mesure de Black Label;5;6;8;-
Mesure de Blue Label;6;4;35;-
Mesure de Campari;2;3;5;-
Mesure de CAPITAINE MORGAN;2;2;5;-
Mesure de Cassis;10;10;5;-
Mesure de Cinzano Bianco;6;7;5;-
Mesure de COINTREAU;0;0;7;-
Mesure de DISARONNO;0;8;5;-
Mesure de DOUBLE BLACK;9;6;10;-
Mesure de GET 27;0;8;6;-
Mesure de GIN BOMBAY;19;10;5;-
Mesure de GIN GORDON;4;3;5;-
Mesure de HENNESSY VS;16;5;10;-
Mesure de J&B;9;6;5;-
Mesure de JACK DANIEL'S HONEY;12;10;8;-
Mesure de JACK DANIELS;10;8;8;-
Mesure de JAGERMEIFTER;13;6;5;-
Mesure de JAMSON;8;7;5;-
Mesure de LIMONCELLO;6;5;5;-
Mesure de MALIBU;8;7;6;-
Mesure de MARTINI BLANC;5;2;5;-
Mesure de MARTINI ROUGE;3;2;5;-
Mesure de RED LABEL;17;16;5;-
Mesure de Sheridan's;1;1;8;-
Mesure de TEQUILA Camilo;23;27;5;-
Mesure Glenfiddish 12 ans;0;2;8;-
Mesure Grundheim;4;18;5;-
Mesure Jack Daniel Single Barrel;0;8;10;-
Mesure Martel VS;8;8;10;-
Mesure Martell Blue Swift;2;0;10;-
Mesure Triple Sec;1;0;5;-
Mesures de Tequila Anejo Patron;34;10;7;-
Mesures Glenfiddich 15ans;17;12;10;-
Mesures Grand Marnier;8;7;10;-
Mesures Grant's 1L;0;15;5;-
MOET BRUT 75cl;4;3;80;-
Moet Brut Moyen;5;4;65;-
MOET ICE;0;0;100;-
Papillon Brut;5;2;12.5;-
Papillon Demi Sec;5;1;20;-
Pierre Grandet;1;1;60;-
Ruinart Blanc de Blancs;1;1;225;-
Ruinart Brut;1;1;150;-
Ruinart Petit Brut;0;0;80;-
Shot de Olmeca Chocolate;0;5;7;-
Shot de Olmeca Sivler;0;17;7;-
Sir Edward Smoky;1;1;25;-
Vin Baron d'arignac Sec;1;1;30;-
Vin Blanc Domaine de Baume;1;1;30;-
Vin Rouge Celier D'Or sec;1;1;15;-
Vin Rouge Durbanville Hills;4;0;30;-
Vin Rouge Fleur Du Cap;0;0;35;-
Vin Rouge Haut de Medoc;0;0;60;-